AMD Ryzen 5 2600X Processor with Wraith Spire Cooler - YD260XBCAFBOX,1,$252.62,179.99
Huion INSPIROY G10T Pen and Touch Wireless Graphic Drawing Tablet with 8192 Pressure Sensitivity,1,$152.77,unknown
Blue Microphones Yeti Teal USB Microphone with Knox Studio Arm and Pop Filter,1,$132.23,130.99
"Samsung Galaxy Buds, Bluetooth True Wireless Earbuds (Wireless Charging case Included), Black - US Version with ",1,$129.99,unknown
Microsoft XBOX 360 Kinect Sensor(Certified ),1,$120.62,44.33
BeatsX Earphones - Black,1,$119.95,52.95
Shure RMCE-BT1 Bluetooth Enabled Accessory Cable with Remote + Mic,1,$99.00,53.0
"Panasonic KX-TGE232B Cordless Phone, 2 Handsets",1,$61.66,49.95
LifeProof NÜÜD SERIES Waterproof Case for iPhone 8 (ONLY) - Retail Packaging - SNOWCAPPED (BRIGHT WHITE/SLEET),1,$55.64,unknown
"Razer DeathAdder Elite Gaming Mouse - [16,000 DPI Optical Sensor][Chroma RGB Lighting][7 Programmable Buttons][Mechanical Switches][Rubber Side Grips]",1,$49.49,unknown
Huion KAMVAS GT-191 19.5-Inch Drawing Tablet Screen Protector - Full Screen Area -(MXH) Kit Type: MX101,1,$49.13,unknown
"3M Privacy Filter for 14"" Laptop - High Clarity Black - Works for Lenovo X1 Carbon - 16:9 - HC140W9B",1,$48.52,unknown
Case-Mate - iPhone XS Max Case - PROTECTION COLLECTION - iPhone 6.5 - Carbon Fiber,1,$40.49,unknown
Assorted Office and Electronics,1,$39.99,25.0
Assorted Office and Electronics,1,$39.99,25.0
Assorted Office and Electronics,1,$39.99,25.0
Assorted Office and Electronics,1,$39.99,25.0
Assorted Office and Electronics,1,$39.99,25.0
Assorted Office and Electronics,1,$39.99,25.0
Assorted Office and Electronics,1,$39.99,25.0
"Microsoft Surface Pen Aluminium Alloy Model with 4096 Levels of Pressure Sensitivity, 2 Soft Nibs for Surface 3, Surface Pro 3 & Pro 4 & Pro(2017), Surface Book, Surface Laptop/Studio (Silver)",1,$37.13,unknown
Twelve South BackPack for iMac and Apple Displays  Hidden Storage Shelf for Hard Drives and Accessories (silver),1,$36.35,unknown
OtterBox DEFENDER iPhone 6/6s Case - Retail Packaging - BLACK,1,$35.58,unknown
 High-Speed CL3-Rated HDMI Cable with RedMere - 35 Feet,1,$29.99,unknown
U.S. Polo Assn. Sport Men's US9061 Watch with Black Rubber Strap Watch,1,$28.14,0.99
"Wireless Bluetooth Earpiece - Smart True Wireless Headset V4.1+EDR for Businessmen, Professionals, Car Driving, Phones, 48+ Work Hrs, 200+ Standby Hrs, Noise Cancelling (Latest Single Earbud of 2019)",1,$27.34,unknown
Casio Men's AE1200WHD-1A Stainless Steel Digital Watch,1,$26.49,65.0
"Wemo Mini Smart Plug, WiFi Enabled, Works with Alexa, Google Assistant & Apple HomeKit",1,$24.98,15.2
"iDARS Lightning Headphone Earbud Earphone Apple MFi Certified in-Ear Wired Headsets with Mic and Remote for iPhone X/XS/XS Max/XR/ 8/ 8Plus/ 7/ 7Plus, iPad Pro/Air/Mini, iPod (Red)",1,$24.85,unknown
OtterBox DEFENDER SERIES SCREENLESS EDITION for Samsung Galaxy S8 - Retail Packaging - BLACK,1,$23.97,unknown
"Wireless Charger, Anker Qi-Certified Ultra-Slim Wireless Charger Compatible iPhone XR/XS/Xs Max/X / 8/8 Plus, Galaxy S9 /S9+ /S8/S8+ / Note 8 and More, PowerPort Wireless 5 Pad (No AC Adapter)",1,$21.63,unknown
"Scotch Heavy Duty Shipping Packaging Tape, 3"" Core, 1.88"" x 54.6 Yards, 6-Rolls (3850-6)",1,$20.00,unknown
Casio HR-8TM Plus - Handheld Printing Calculator,1,$19.66,18.93
"YANCH Compatible with for Apple Watch Band 42mm 44mm, Soft Silicone Sport Band Replacement Wrist Strap Compatible with for iWatch Series 4/3/2/1, Nike+,Sport,Edition,S/M,Size,4 Pack",1,$18.69,unknown
"Apple Watch 3 Case, SUPCASE [Unicorn Beetle Pro] Rugged Protective Case with Strap Bands for Apple Watch Series 3 2017 Edition [42mm, Compatible with Apple Watch 42mm 2015 2016 ] (Black)",1,$17.57,unknown
"Astrobrights Color Paper, 8.5 x 11, 24 lb/89 gsm, ",1,$16.80,unknown
Fisher Space Pen Raw Brass Bullet Pen (400-RAW),1,$16.66,18.07
"U.S. Polo Assn. Men's Analog-Quartz Watch with Alloy Strap, Rose Gold, 14 (Model: US8462",1,$16.62,unknown
"Motorola MG7315 8x4 Cable Modem Plus N450 Single Band Wi-Fi Gigabit Router with Power Boost, 343 Mbps Maximum DOCSIS 3.0 - Approved by Comcast Xfinity, Cox, Charter Spectrum",1,$16.41,unknown
"Samsung Gear S2 Glass Screen Protector, Dmax Armor- Ballistics [Tempered Glass] Anti-Scratch, Anti-Fingerprint, Round Edge [0.3mm] Ultra-Clear - Retail Packaging",1,$16.41,unknown
GPX PC301B Portable CD Player with Stereo Earbuds and Anti-Skip Protection (PC301B),1,$16.29,7.89
" Lightning to USB A Cable - MFi Certified iPhone Charger - White, 6-Foot, 2-Pack",1,$15.98,10.99
SKMEI Mens Military Wrist Watch Analog Digital Watch Stainless Steel Waterproof LED Stopwatch Skmei Watches Men Silver,1,$15.46,unknown
"Phone Charger Cable,4 Pack[3FT,6FT,6FT,10FT] Nylon Braided Fast Charger&Data; Cords for iPhone X/iPhone 8/8 Plus/7/7 Plus/6s/6s Plus/6/6 Plus/iPad and More(Black & White)",1,$15.34,unknown
" Double Braided Nylon Lightning to USB A Cable, Advanced Collection - MFi Certified iPhone Charger - Dark Grey, 6-Foot",1,$14.99,unknown
Ghostek Exec Premium Wallet Case Card ID Holder Compatible with Galaxy S9 - Pink,1,$14.64,unknown
Stinger SI626 6-Foot 2-Channel 6000 Series Audiophile Grade RCA Interconnect Cable,1,$14.51,11.65
" 3-Ring Zipper Binder - O-Ring, 3-Inch, Blue",1,$13.99,26.95
 Computer Speakers for Desktop or Laptop  USB-Powered,1,$13.93,unknown
Pyle-Pro Professional Moving Coil Dynamic Cardioid Unidirectional Vocal Handheld Microphone Includes 15ft XLR Audio Cable to 1/4'' Audio Connection (PDMIC58),1,$13.88,unknown
"d-c-fix Privacy Glass Reusable Static Cling Window Film, Caree/Matrix, 26"" x 59 "" Roll, 338-8010",1,$12.99,unknown
"SCOSCHE MAGDMB MagicMount Universal Magnetic Phone/GPS Mount for the Car, Home or Office in Frustration Free Packaging",1,$12.98,unknown
"DJW 19.5V 3.33A 65W Ac Adapter Laptop Charger for HP Pavilion TouchSmart 14-B109WM 15-B129WM 15-B119WM 14-C050NR 14-C015DX 14-C010US,P/N:693715-001 613149-001 677770-003-Battery Charger Power Cord",1,$12.27,unknown
" Lightning to USB A Cable - MFi Certified iPhone Charger - Red, 10-Foot",1,$11.99,unknown
" Universal Travel Case for Small Electronics and Accessories, Black",1,$11.49,8.27
"OMOTON Kindle Paperwhite Case Cover - The Thinnest Lightest PU Leather Smart Cover Kindle Paperwhite fits all Paperwhite generations prior to 2018 (Will not fit All new Paperwhite 10th Gen),Brown Map",1,$9.65,unknown
"bayite Soft Nylon Bands Compatible Fitbit Versa Women Men, Breathable Sport Loop Band Replacement Accessories Wristband",1,$8.45,unknown
"SanDisk 32GB Ultra Class 10 SDHC UHS-I Memory Card Up to 80MB, Grey/Black (SDSDUNC-032G-GN6IN)",1,$7.99,unknown
 One-Port USB Wall Charger (2.4 Amp) - White,1,$6.99,unknown
SCOSCHE HA1710B 2001-05 Honda Civic Double Double DIN Install Dash Kit,1,$5.99,unknown
